-- phpMyAdmin SQL Dump
-- version 4.5.4.1deb2ubuntu2
-- http://www.phpmyadmin.net
--
-- Host: localhost:80
-- Generation Time: Jan 06, 2017 at 11:40 PM
-- Server version: 5.7.16-0ubuntu0.16.04.1
-- PHP Version: 7.0.8-0ubuntu0.16.04.3

SET SQL_MODE = "NO_AUTO_VALUE_ON_ZERO";
SET time_zone = "+00:00";


/*!40101 SET @OLD_CHARACTER_SET_CLIENT=@@CHARACTER_SET_CLIENT */;
/*!40101 SET @OLD_CHARACTER_SET_RESULTS=@@CHARACTER_SET_RESULTS */;
/*!40101 SET @OLD_COLLATION_CONNECTION=@@COLLATION_CONNECTION */;
/*!40101 SET NAMES utf8mb4 */;

--
-- Database: `labyrinth`
--

-- --------------------------------------------------------

--
-- Table structure for table `level_answer`
--

CREATE TABLE `level_answer` (
  `levelname` varchar(40) NOT NULL,
  `level` int(11) NOT NULL,
  `answer` varchar(50) NOT NULL
) ENGINE=InnoDB DEFAULT CHARSET=latin1;

--
-- Dumping data for table `level_answer`
--

INSERT INTO `level_answer` (`levelname`, `level`, `answer`) VALUES
('power', 1, 'dhoop'),
('card', 2, 'satepesata'),
('SoniaLily', 3, 'duplicate'),
('meetAgain', 4, '3idiots'),
('amirkhan', 5, 'rangdebasanti'),
('oldisgold', 6, '2037'),
('incomplete', 7, 'dabangg'),
('dontturn', 8, 'khiladi420'),
('bb', 9, 'amitabhbacchan'),
('av', 10, 'amanverma'),
('release', 11, '1966'),
('robbery', 12, '14july2006'),
('map', 13, 'naksha'),
('song', 14, 'suroor'),
('orphan', 15, 'shekharkapur'),
('movie', 16, 'baarbaardekho'),
('khan', 17, 'zindagi'),
('days', 18, '10din'),
('4G', 19, 'jio'),
('sponsor', 20, 'kaspersky');

-- --------------------------------------------------------

--
-- Table structure for table `timing`
--

CREATE TABLE `timing` (
  `username` varchar(20) NOT NULL,
  `regtime` int(15) NOT NULL,
  `level` int(5) NOT NULL DEFAULT '1',
  `current` int(15) NOT NULL,
  `level1` int(15) DEFAULT NULL,
  `level2` int(15) DEFAULT NULL,
  `level3` int(15) DEFAULT NULL,
  `level4` int(15) DEFAULT NULL,
  `level5` int(15) DEFAULT NULL,
  `level6` int(15) DEFAULT NULL,
  `level7` int(15) DEFAULT NULL,
  `level8` int(15) DEFAULT NULL,
  `level9` int(15) DEFAULT NULL,
  `level10` int(15) DEFAULT NULL,
  `level11` int(15) DEFAULT NULL,
  `level12` int(15) DEFAULT NULL,
  `level13` int(15) DEFAULT NULL,
  `level14` int(15) DEFAULT NULL,
  `level15` int(15) DEFAULT NULL,
  `level16` int(15) DEFAULT NULL,
  `level17` int(15) DEFAULT NULL,
  `level18` int(15) DEFAULT NULL,
  `level19` int(15) DEFAULT NULL,
  `level20` int(15) DEFAULT NULL
) ENGINE=InnoDB DEFAULT CHARSET=latin1;

--
-- Dumping data for table `timing`
--

INSERT INTO `timing` (`username`, `regtime`, `level`, `current`, `level1`, `level2`, `level3`, `level4`, `level5`, `level6`, `level7`, `level8`, `level9`, `level10`, `level11`, `level12`, `level13`, `level14`, `level15`, `level16`, `level17`, `level18`, `level19`, `level20`) VALUES
('', 1477739804, 1, 1477739804, NULL, NULL, NULL, NULL, NULL, NULL, NULL, NULL, NULL, NULL, NULL, NULL, NULL, NULL, NULL, NULL, NULL, NULL, NULL, NULL),
('achal', 1478291173, 6, 1478291369, 1478291179, 1478291195, 1478291334, 1478291359, 1478291369, NULL, NULL, NULL, NULL, NULL, NULL, NULL, NULL, NULL, NULL, NULL, NULL, NULL, NULL, NULL),
('alien', 1481094443, 12, 1481462614, 1481125340, 1481201496, 1481221600, 1481221630, 1481221650, 1481227734, 1481261483, 1481435672, 1481436142, 1481436216, 1481462614, NULL, NULL, NULL, NULL, NULL, NULL, NULL, NULL, NULL),
('alok', 1482663308, 13, 1483724454, 1482683605, 1483608572, 1483608613, 1483615592, 1483615610, 1483615631, 1483723728, 1483723856, 1483723876, 1483723894, 1483723913, 1483724454, NULL, NULL, NULL, NULL, NULL, NULL, NULL, NULL),
('alter', 1482608967, 21, 1482609619, 1482608983, 1482608991, 1482608998, 1482609006, 1482609042, 1482609060, 1482609075, 1482609087, 1482609100, 1482609107, 1482609124, 1482609168, 1482609184, 1482609190, 1482609231, 1482609272, 1482609574, 1482609594, 1482609601, 1482609619),
('anjana', 1482223652, 5, 1482223752, 1482223725, 1482223734, 1482223743, 1482223752, NULL, NULL, NULL, NULL, NULL, NULL, NULL, NULL, NULL, NULL, NULL, NULL, NULL, NULL, NULL, NULL),
('anurag', 1478006024, 11, 1478341526, 1478007717, 1478008621, 1478326467, 1478326509, 1478340690, 1478341211, 1478341475, 1478341505, 1478341514, 1478341526, NULL, NULL, NULL, NULL, NULL, NULL, NULL, NULL, NULL, NULL),
('arit', 1478007162, 11, 1481462904, 1478255264, 1478255443, 1478255641, 1478255648, 1481389046, 1481389055, 1481389143, 1481462877, 1481462898, 1481462904, NULL, NULL, NULL, NULL, NULL, NULL, NULL, NULL, NULL, NULL),
('arpan', 1478248742, 8, 1481228663, 1481227860, 1481228094, 1481228149, 1481228169, 1481228215, 1481228302, 1481228663, NULL, NULL, NULL, NULL, NULL, NULL, NULL, NULL, NULL, NULL, NULL, NULL, NULL),
('ashwini', 1478248798, 3, 1481201662, 1481201628, 1481201662, NULL, NULL, NULL, NULL, NULL, NULL, NULL, NULL, NULL, NULL, NULL, NULL, NULL, NULL, NULL, NULL, NULL, NULL),
('bajab', 1477728767, 1, 1477728767, NULL, NULL, NULL, NULL, NULL, NULL, NULL, NULL, NULL, NULL, NULL, NULL, NULL, NULL, NULL, NULL, NULL, NULL, NULL, NULL),
('bansal', 1477988152, 3, 1477988192, 1477988164, 1477988192, NULL, NULL, NULL, NULL, NULL, NULL, NULL, NULL, NULL, NULL, NULL, NULL, NULL, NULL, NULL, NULL, NULL, NULL),
('bucky', 1481794467, 16, 1481794741, 1481794477, 1481794485, 1481794499, 1481794507, 1481794517, 1481794534, 1481794545, 1481794553, 1481794561, 1481794573, 1481794596, 1481794665, 1481794676, 1481794684, 1481794741, NULL, NULL, NULL, NULL, NULL),
('bukya', 1478252487, 11, 1482608023, 1478253513, NULL, NULL, 1480430946, 1480609443, 1482606278, 1482607987, 1482607996, 1482608014, 1482608023, NULL, NULL, NULL, NULL, NULL, NULL, NULL, NULL, NULL, NULL),
('check', 1481303242, 6, 1481303322, 1481303277, 1481303283, 1481303304, 1481303312, 1481303322, NULL, NULL, NULL, NULL, NULL, NULL, NULL, NULL, NULL, NULL, NULL, NULL, NULL, NULL, NULL),
('checkpower', 1482608570, 1, 1482608570, NULL, NULL, NULL, NULL, NULL, NULL, NULL, NULL, NULL, NULL, NULL, NULL, NULL, NULL, NULL, NULL, NULL, NULL, NULL, NULL),
('esestwe1', 1477750886, 1, 1477750886, NULL, NULL, NULL, NULL, NULL, NULL, NULL, NULL, NULL, NULL, NULL, NULL, NULL, NULL, NULL, NULL, NULL, NULL, NULL, NULL),
('fast', 1477729534, 1, 1477729534, NULL, NULL, NULL, NULL, NULL, NULL, NULL, NULL, NULL, NULL, NULL, NULL, NULL, NULL, NULL, NULL, NULL, NULL, NULL, NULL),
('gulu', 1478251793, 9, 1481304100, 1481303755, 1481303845, 1481303855, 1481303862, 1481303871, 1481303886, 1481303988, 1481304100, NULL, NULL, NULL, NULL, NULL, NULL, NULL, NULL, NULL, NULL, NULL, NULL),
('guna', 1478251839, 21, 1482652857, 1482651476, 1482651495, 1482651530, 1482651565, 1482651587, 1482651627, 1482651646, 1482651660, 1482651685, 1482651708, 1482651727, 1482651791, 1482651807, 1482651824, 1482651882, 1482651901, 1482652797, 1482652814, 1482652829, 1482652857),
('guru', 1478251232, 11, 1481488138, 1481229048, 1481229060, 1481263584, 1481263591, 1481263600, 1481263617, 1481263629, 1481263761, 1481488124, 1481488138, NULL, NULL, NULL, NULL, NULL, NULL, NULL, NULL, NULL, NULL),
('gvhgvhh', 1477742762, 1, 1477742762, NULL, NULL, NULL, NULL, NULL, NULL, NULL, NULL, NULL, NULL, NULL, NULL, NULL, NULL, NULL, NULL, NULL, NULL, NULL, NULL),
('harsh', 1477558701, 10, 1477741781, 1477558708, 1477558713, 1477649386, 1477649406, 1477649417, 1477651009, 1477651016, 1477740329, 1477741781, NULL, NULL, NULL, NULL, NULL, NULL, NULL, NULL, NULL, NULL, NULL),
('jadu', 1481093894, 4, 1481354048, 1481093899, 1481354037, 1481354048, NULL, NULL, NULL, NULL, NULL, NULL, NULL, NULL, NULL, NULL, NULL, NULL, NULL, NULL, NULL, NULL, NULL),
('jatav', 1480421423, 2, 1480421429, 1480421429, NULL, NULL, NULL, NULL, NULL, NULL, NULL, NULL, NULL, NULL, NULL, NULL, NULL, NULL, NULL, NULL, NULL, NULL, NULL),
('kumar', 1477741848, 1, 1477741848, NULL, NULL, NULL, NULL, NULL, NULL, NULL, NULL, NULL, NULL, NULL, NULL, NULL, NULL, NULL, NULL, NULL, NULL, NULL, NULL),
('myself', 1483724720, 21, 1483725907, 1483724846, 1483725276, 1483725286, 1483725308, 1483725325, 1483725332, 1483725375, 1483725388, 1483725507, 1483725522, 1483725549, 1483725581, 1483725633, 1483725645, 1483725678, 1483725699, 1483725876, 1483725898, 1483725907, NULL),
('naksha', 1482517144, 5, 1482517325, 1482517153, 1482517303, 1482517314, 1482517325, NULL, NULL, NULL, NULL, NULL, NULL, NULL, NULL, NULL, NULL, NULL, NULL, NULL, NULL, NULL, NULL),
('patra', 1478251449, 11, 1481576966, 1481264153, 1481264162, 1481264172, 1481264209, 1481264222, 1481264276, 1481264301, 1481264327, 1481576961, 1481576966, NULL, NULL, NULL, NULL, NULL, NULL, NULL, NULL, NULL, NULL),
('patro', 1478251320, 19, 1480422085, 1478345029, 1478345268, 1478345296, 1478345345, 1478345529, 1478345563, 1478349556, 1478349569, 1478421458, 1478421690, 1478421697, 1478421742, 1478421786, 1478421848, 1478870974, 1480157203, 1480421370, 1480422085, NULL, NULL),
('power', 1482608430, 1, 1482608430, NULL, NULL, NULL, NULL, NULL, NULL, NULL, NULL, NULL, NULL, NULL, NULL, NULL, NULL, NULL, NULL, NULL, NULL, NULL, NULL),
('prag', 1482683831, 3, 1482684308, 1482684205, 1482684308, NULL, NULL, NULL, NULL, NULL, NULL, NULL, NULL, NULL, NULL, NULL, NULL, NULL, NULL, NULL, NULL, NULL, NULL),
('qwertyu12345', 1477485758, 1, 1477485758, NULL, NULL, NULL, NULL, NULL, NULL, NULL, NULL, NULL, NULL, NULL, NULL, NULL, NULL, NULL, NULL, NULL, NULL, NULL, NULL),
('rajat', 1477740458, 1, 1477740458, NULL, NULL, NULL, NULL, NULL, NULL, NULL, NULL, NULL, NULL, NULL, NULL, NULL, NULL, NULL, NULL, NULL, NULL, NULL, NULL),
('raju', 1478345074, 5, 1478345137, 1478345091, 1478345099, 1478345118, 1478345137, NULL, NULL, NULL, NULL, NULL, NULL, NULL, NULL, NULL, NULL, NULL, NULL, NULL, NULL, NULL, NULL),
('raj_sahil', 1477485915, 2, 1477557727, 1477557727, NULL, NULL, NULL, NULL, NULL, NULL, NULL, NULL, NULL, NULL, NULL, NULL, NULL, NULL, NULL, NULL, NULL, NULL, NULL),
('rani', 1478253236, 21, 1478254956, 1478253319, NULL, 1478253427, 1478253657, 1478253670, 1478254004, NULL, NULL, 1478254435, 1478254504, 1478254898, 1478254903, 1478254909, 1478254916, 1478254929, 1478254936, 1478254941, 1478254946, 1478254951, 1478254956),
('recheck', 1482608906, 2, 1482609824, 1482609824, NULL, NULL, NULL, NULL, NULL, NULL, NULL, NULL, NULL, NULL, NULL, NULL, NULL, NULL, NULL, NULL, NULL, NULL, NULL),
('rohit', 1477558614, 1, 1477558614, NULL, NULL, NULL, NULL, NULL, NULL, NULL, NULL, NULL, NULL, NULL, NULL, NULL, NULL, NULL, NULL, NULL, NULL, NULL, NULL),
('sagar', 1477484530, 2, 1477484577, 1477484577, NULL, NULL, NULL, NULL, NULL, NULL, NULL, NULL, NULL, NULL, NULL, NULL, NULL, NULL, NULL, NULL, NULL, NULL, NULL),
('sahil', 1477484302, 3, 1477484973, 1477484965, 1477484973, NULL, NULL, NULL, NULL, NULL, NULL, NULL, NULL, NULL, NULL, NULL, NULL, NULL, NULL, NULL, NULL, NULL, NULL),
('sahilraj', 1477485613, 8, 1477560987, 1477486559, 1477557982, 1477557991, 1477557994, 1477560296, 1477560843, 1477560987, NULL, NULL, NULL, NULL, NULL, NULL, NULL, NULL, NULL, NULL, NULL, NULL, NULL),
('shashwat', 1477740260, 1, 1477740260, NULL, NULL, NULL, NULL, NULL, NULL, NULL, NULL, NULL, NULL, NULL, NULL, NULL, NULL, NULL, NULL, NULL, NULL, NULL, NULL),
('shubhum', 1477484402, 1, 1477484402, NULL, NULL, NULL, NULL, NULL, NULL, NULL, NULL, NULL, NULL, NULL, NULL, NULL, NULL, NULL, NULL, NULL, NULL, NULL, NULL),
('sohail', 1478005606, 12, 1481466509, 1478005614, 1481304224, 1481304232, 1481304238, 1481304248, 1481304255, 1481304266, 1481304276, 1481466486, 1481466493, 1481466509, NULL, NULL, NULL, NULL, NULL, NULL, NULL, NULL, NULL),
('testlevel', 1482577119, 21, 1482598805, 1482577314, 1482577447, 1482593035, 1482593268, 1482593598, 1482593774, 1482594398, 1482595043, 1482595519, 1482595688, 1482595970, 1482596504, 1482596733, 1482597121, 1482597928, 1482598031, 1482598491, 1482598576, 1482598694, 1482598805),
('vigit', 1477741176, 1, 1477741176, NULL, NULL, NULL, NULL, NULL, NULL, NULL, NULL, NULL, NULL, NULL, NULL, NULL, NULL, NULL, NULL, NULL, NULL, NULL, NULL);

-- --------------------------------------------------------

--
-- Table structure for table `user_details`
--

CREATE TABLE `user_details` (
  `id` int(50) NOT NULL,
  `username` varchar(40) NOT NULL,
  `password` varchar(32) NOT NULL,
  `email` varchar(40) NOT NULL,
  `contact` bigint(12) NOT NULL,
  `level` int(10) NOT NULL DEFAULT '1',
  `status` tinyint(1) NOT NULL DEFAULT '1'
) ENGINE=InnoDB DEFAULT CHARSET=latin1;

--
-- Dumping data for table `user_details`
--

INSERT INTO `user_details` (`id`, `username`, `password`, `email`, `contact`, `level`, `status`) VALUES
(66, 'achal', 'd4e553aad3571096017f1a8d0c62ec68', 'achal@gmail.com', 8757929042, 6, 1),
(70, 'alien', '273910799eacaacec06aba83c9d54906', 'alien@gmail.com', 1234567800, 12, 1),
(80, 'alok', 'bad220c335d0c1f53548f6acdb17e265', 'alok@gmail.com', 9632157485, 13, 1),
(79, 'alter', '5667da2ff3545d244af39297559ee21e', 'alter@gamia.cadA', 1212545465, 21, 1),
(73, 'anjana', 'b87110ce5705cdeac9ed8579d367b387', 'anajan@gmail.com', 1232134444, 5, 1),
(55, 'anurag', 'd77d2953c546cb33e2d0bff4989f6aa2', 'anurag@gmail.com', 1311313112, 11, 1),
(56, 'arit', '80e8d068b2afeb087e6e38230b726772', 'arit@gmail.com', 3512312367, 11, 1),
(57, 'arpan', 'f37427482b0311a8f3ea336ba0b60df1', 'arpan@gmail.com', 9876543213, 8, 1),
(58, 'ashwini', 'ff0eef605a66301097c87d2724025384', 'ashwini@gmail.com', 9009909009, 3, 1),
(53, 'bansal', 'f10963df6492717b1b697940d770e88c', 'bansal@gmail.com', 9572699717, 3, 1),
(72, 'bucky', '1a06e384836545dbb4d4c20553ac9498', 'bucky@gmail.com', 1234123454, 16, 1),
(64, 'bukya', '72a4123cbeae1e4972f94a2644e18fd5', 'bukya@gmail.com', 1212343412, 11, 1),
(71, 'check', '0ba4439ee9a46d9d9f14c60f88f45f87', 'check@gmail.com', 3243545167, 6, 1),
(77, 'checkpower', '32a3291d1bfb1ed96b8b5346c7299d9d', 'ch@ad.sad', 1212343490, 1, 1),
(62, 'gulu', 'c8ed227e4203fb8d3b553a8432bb219c', 'gulu@gmail.com', 1234567866, 9, 1),
(63, 'guna', '6e6b00b1d17718deb07a0d6c231e2271', 'guna@gmail.com', 1212343456, 21, 1),
(59, 'guru', '77e69c137812518e359196bb2f5e9bb9', 'GURU@gmail.com', 1234554321, 11, 1),
(69, 'jadu', 'd1ff5cbd672ef29289975a396c62848b', 'jadu@gmail.com', 1234565478, 4, 1),
(68, 'jatav', '70013e39d162fd5b689d36bba62aa7df', 'jatav@jatav.com', 9898090912, 2, 1),
(82, 'myself', '0bf83831ea4a1fb853e6d38ff5d43737', 'myself@gmail.com', 7412563257, 20, 1),
(74, 'naksha', '3b3663c91321133eba48eddb3fc14f5e', 'naksh@gmail.ckm', 1234567657, 5, 1),
(61, 'patra', '8789742383143593942ca732a0933974', 'patra@gmail.com', 9090121290, 11, 1),
(60, 'patro', '64248456926f71110ac0db8cd6a03031', 'patro@gmail.com', 1234567654, 19, 1),
(76, 'power', '62cd275989e78ee56a81f0265a87562e', 'power@df.dsfsd', 1234555561, 1, 1),
(81, 'prag', 'e575530bd7a9cc03829dde0b8657f108', 'prag@gmail.com', 7421536985, 3, 1),
(67, 'raju', '03c017f682085142f3b60f56673e22dc', 'raju@gmail.com', 1212343423, 5, 1),
(65, 'rani', 'b9f81618db3b0d7a8be8fd904cca8b6a', 'rani@gmail.com', 1234566576, 21, 1),
(78, 'recheck', 'fd07b81be65b7d43079395789153e7b3', 'recheck@gamilc.asd', 4343545465, 2, 1),
(54, 'sohail', 'a2de32da8c7b9de7332c15c194ce20df', 'sohail@gmail.com', 1234567889, 12, 1),
(75, 'testlevel', '6f15946e0c4fb8c08e24d415004384b4', 't@ad.ca', 1212323234, 21, 1);

--
-- Indexes for dumped tables
--

--
-- Indexes for table `level_answer`
--
ALTER TABLE `level_answer`
  ADD PRIMARY KEY (`level`);

--
-- Indexes for table `timing`
--
ALTER TABLE `timing`
  ADD PRIMARY KEY (`username`);

--
-- Indexes for table `user_details`
--
ALTER TABLE `user_details`
  ADD UNIQUE KEY `username` (`username`),
  ADD UNIQUE KEY `id` (`id`);

--
-- AUTO_INCREMENT for dumped tables
--

--
-- AUTO_INCREMENT for table `user_details`
--
ALTER TABLE `user_details`
  MODIFY `id` int(50) NOT NULL AUTO_INCREMENT, AUTO_INCREMENT=84;
/*!40101 SET CHARACTER_SET_CLIENT=@OLD_CHARACTER_SET_CLIENT */;
/*!40101 SET CHARACTER_SET_RESULTS=@OLD_CHARACTER_SET_RESULTS */;
/*!40101 SET COLLATION_CONNECTION=@OLD_COLLATION_CONNECTION */;
