-- phpMyAdmin SQL Dump
-- version 4.5.1
-- http://www.phpmyadmin.net
--
-- Host: 127.0.0.1
-- Generation Time: Dec 19, 2016 at 01:35 PM
-- Server version: 10.1.10-MariaDB
-- PHP Version: 5.5.33

SET SQL_MODE = "NO_AUTO_VALUE_ON_ZERO";
SET time_zone = "+00:00";


/*!40101 SET @OLD_CHARACTER_SET_CLIENT=@@CHARACTER_SET_CLIENT */;
/*!40101 SET @OLD_CHARACTER_SET_RESULTS=@@CHARACTER_SET_RESULTS */;
/*!40101 SET @OLD_COLLATION_CONNECTION=@@COLLATION_CONNECTION */;
/*!40101 SET NAMES utf8mb4 */;

--
-- Database: `labyrinth`
--

-- --------------------------------------------------------

--
-- Table structure for table `level_answer`
--

CREATE TABLE `level_answer` (
  `levelname` varchar(40) NOT NULL,
  `level` int(11) NOT NULL,
  `answer` varchar(50) NOT NULL
) ENGINE=InnoDB DEFAULT CHARSET=latin1;

--
-- Dumping data for table `level_answer`
--

INSERT INTO `level_answer` (`levelname`, `level`, `answer`) VALUES
('level1', 1, 'dhoop'),
('level2', 2, 'naksha'),
('level3', 3, 'duplicate'),
('level4', 4, '3idiots'),
('level5', 5, 'rangdebasanti'),
('level6', 6, '2037'),
('level7', 7, 'humariadhurikahani'),
('level8', 8, 'khiladi420'),
('level9', 9, 'amitabhbacchan'),
('level10', 10, 'amanverma'),
('level11', 11, '1966'),
('level12', 12, '12'),
('level13', 13, 'karishmakudratka'),
('level14', 14, 'suroor'),
('level15', 15, 'shekharkapur'),
('movie', 16, 'baarbaardekho'),
('level17', 17, '17'),
('level18', 18, '18'),
('level19', 19, '19'),
('level20', 20, '20');

-- --------------------------------------------------------

--
-- Table structure for table `timing`
--

CREATE TABLE `timing` (
  `username` varchar(20) NOT NULL,
  `regtime` int(15) NOT NULL,
  `level` int(5) NOT NULL DEFAULT '1',
  `current` int(15) NOT NULL,
  `level1` int(15) DEFAULT NULL,
  `level2` int(15) DEFAULT NULL,
  `level3` int(15) DEFAULT NULL,
  `level4` int(15) DEFAULT NULL,
  `level5` int(15) DEFAULT NULL,
  `level6` int(15) DEFAULT NULL,
  `level7` int(15) DEFAULT NULL,
  `level8` int(15) DEFAULT NULL,
  `level9` int(15) DEFAULT NULL,
  `level10` int(15) DEFAULT NULL,
  `level11` int(15) DEFAULT NULL,
  `level12` int(15) DEFAULT NULL,
  `level13` int(15) DEFAULT NULL,
  `level14` int(15) DEFAULT NULL,
  `level15` int(15) DEFAULT NULL,
  `level16` int(15) DEFAULT NULL,
  `level17` int(15) DEFAULT NULL,
  `level18` int(15) DEFAULT NULL,
  `level19` int(15) DEFAULT NULL,
  `level20` int(15) DEFAULT NULL
) ENGINE=InnoDB DEFAULT CHARSET=latin1;

--
-- Dumping data for table `timing`
--

INSERT INTO `timing` (`username`, `regtime`, `level`, `current`, `level1`, `level2`, `level3`, `level4`, `level5`, `level6`, `level7`, `level8`, `level9`, `level10`, `level11`, `level12`, `level13`, `level14`, `level15`, `level16`, `level17`, `level18`, `level19`, `level20`) VALUES
('', 1477739804, 1, 1477739804, NULL, NULL, NULL, NULL, NULL, NULL, NULL, NULL, NULL, NULL, NULL, NULL, NULL, NULL, NULL, NULL, NULL, NULL, NULL, NULL),
('achal', 1478291173, 6, 1478291369, 1478291179, 1478291195, 1478291334, 1478291359, 1478291369, NULL, NULL, NULL, NULL, NULL, NULL, NULL, NULL, NULL, NULL, NULL, NULL, NULL, NULL, NULL),
('alien', 1481094443, 8, 1481261483, 1481125340, 1481201496, 1481221600, 1481221630, 1481221650, 1481227734, 1481261483, NULL, NULL, NULL, NULL, NULL, NULL, NULL, NULL, NULL, NULL, NULL, NULL, NULL),
('anurag', 1478006024, 16, 1481652822, 1478007717, 1478008621, 1478326467, 1478326509, 1478340690, 1478341211, 1478341475, 1478341505, 1478341514, 1478341526, 1481545910, 1481648632, 1481648639, 1481648645, 1481652822, NULL, NULL, NULL, NULL, NULL),
('arit', 1478007162, 10, 1482149653, 1478255264, 1478255443, 1478255641, 1478255648, 1482149583, 1482149600, 1482149612, 1482149621, 1482149653, NULL, NULL, NULL, NULL, NULL, NULL, NULL, NULL, NULL, NULL, NULL),
('arpan', 1478248742, 8, 1481228663, 1481227860, 1481228094, 1481228149, 1481228169, 1481228215, 1481228302, 1481228663, NULL, NULL, NULL, NULL, NULL, NULL, NULL, NULL, NULL, NULL, NULL, NULL, NULL),
('ashwini', 1478248798, 3, 1481201662, 1481201628, 1481201662, NULL, NULL, NULL, NULL, NULL, NULL, NULL, NULL, NULL, NULL, NULL, NULL, NULL, NULL, NULL, NULL, NULL, NULL),
('bajab', 1477728767, 1, 1477728767, NULL, NULL, NULL, NULL, NULL, NULL, NULL, NULL, NULL, NULL, NULL, NULL, NULL, NULL, NULL, NULL, NULL, NULL, NULL, NULL),
('bansal', 1477988152, 5, 1482132805, 1477988164, 1477988192, 1482132795, 1482132805, NULL, NULL, NULL, NULL, NULL, NULL, NULL, NULL, NULL, NULL, NULL, NULL, NULL, NULL, NULL, NULL),
('bukya', 1478252487, 6, 1480609443, 1478253513, NULL, NULL, 1480430946, 1480609443, NULL, NULL, NULL, NULL, NULL, NULL, NULL, NULL, NULL, NULL, NULL, NULL, NULL, NULL, NULL),
('esestwe1', 1477750886, 1, 1477750886, NULL, NULL, NULL, NULL, NULL, NULL, NULL, NULL, NULL, NULL, NULL, NULL, NULL, NULL, NULL, NULL, NULL, NULL, NULL, NULL),
('face', 1481302978, 1, 1481302978, NULL, NULL, NULL, NULL, NULL, NULL, NULL, NULL, NULL, NULL, NULL, NULL, NULL, NULL, NULL, NULL, NULL, NULL, NULL, NULL),
('fast', 1477729534, 1, 1477729534, NULL, NULL, NULL, NULL, NULL, NULL, NULL, NULL, NULL, NULL, NULL, NULL, NULL, NULL, NULL, NULL, NULL, NULL, NULL, NULL),
('gulu', 1478251793, 17, 1482132313, 1482131979, 1482131984, 1482131994, 1482132000, 1482132009, 1482132024, 1482132033, 1482132054, 1482132097, 1482132118, 1482132139, 1482132208, 1482132221, 1482132234, 1482132275, 1482132313, NULL, NULL, NULL, NULL),
('guna', 1478251839, 1, 1478251839, NULL, NULL, NULL, NULL, NULL, NULL, NULL, NULL, NULL, NULL, NULL, NULL, NULL, NULL, NULL, NULL, NULL, NULL, NULL, NULL),
('guru', 1478251232, 15, 1481547007, 1481229048, 1481229060, 1481263584, 1481263591, 1481263600, 1481263617, 1481263629, 1481263761, 1481387829, 1481387842, 1481546884, 1481546980, 1481546999, 1481547007, NULL, NULL, NULL, NULL, NULL, NULL),
('gvhgvhh', 1477742762, 1, 1477742762, NULL, NULL, NULL, NULL, NULL, NULL, NULL, NULL, NULL, NULL, NULL, NULL, NULL, NULL, NULL, NULL, NULL, NULL, NULL, NULL),
('harsh', 1477558701, 10, 1477741781, 1477558708, 1477558713, 1477649386, 1477649406, 1477649417, 1477651009, 1477651016, 1477740329, 1477741781, NULL, NULL, NULL, NULL, NULL, NULL, NULL, NULL, NULL, NULL, NULL),
('jadu', 1481093894, 2, 1481093899, 1481093899, NULL, NULL, NULL, NULL, NULL, NULL, NULL, NULL, NULL, NULL, NULL, NULL, NULL, NULL, NULL, NULL, NULL, NULL, NULL),
('jatav', 1480421423, 2, 1480421429, 1480421429, NULL, NULL, NULL, NULL, NULL, NULL, NULL, NULL, NULL, NULL, NULL, NULL, NULL, NULL, NULL, NULL, NULL, NULL, NULL),
('kumar', 1477741848, 1, 1477741848, NULL, NULL, NULL, NULL, NULL, NULL, NULL, NULL, NULL, NULL, NULL, NULL, NULL, NULL, NULL, NULL, NULL, NULL, NULL, NULL),
('patra', 1478251449, 9, 1481264327, 1481264153, 1481264162, 1481264172, 1481264209, 1481264222, 1481264276, 1481264301, 1481264327, NULL, NULL, NULL, NULL, NULL, NULL, NULL, NULL, NULL, NULL, NULL, NULL),
('patro', 1478251320, 19, 1480422085, 1478345029, 1478345268, 1478345296, 1478345345, 1478345529, 1478345563, 1478349556, 1478349569, 1478421458, 1478421690, 1478421697, 1478421742, 1478421786, 1478421848, 1478870974, 1480157203, 1480421370, 1480422085, NULL, NULL),
('qwertyu12345', 1477485758, 1, 1477485758, NULL, NULL, NULL, NULL, NULL, NULL, NULL, NULL, NULL, NULL, NULL, NULL, NULL, NULL, NULL, NULL, NULL, NULL, NULL, NULL),
('raja', 1481307193, 11, 1481385911, 1481307303, 1481307319, 1481307364, 1481307380, 1481307412, 1481307437, 1481339882, 1481339915, 1481341141, 1481385911, NULL, NULL, NULL, NULL, NULL, NULL, NULL, NULL, NULL, NULL),
('rajat', 1477740458, 1, 1477740458, NULL, NULL, NULL, NULL, NULL, NULL, NULL, NULL, NULL, NULL, NULL, NULL, NULL, NULL, NULL, NULL, NULL, NULL, NULL, NULL),
('raju', 1478345074, 5, 1478345137, 1478345091, 1478345099, 1478345118, 1478345137, NULL, NULL, NULL, NULL, NULL, NULL, NULL, NULL, NULL, NULL, NULL, NULL, NULL, NULL, NULL, NULL),
('raj_sahil', 1477485915, 2, 1477557727, 1477557727, NULL, NULL, NULL, NULL, NULL, NULL, NULL, NULL, NULL, NULL, NULL, NULL, NULL, NULL, NULL, NULL, NULL, NULL, NULL),
('rani', 1478253236, 21, 1478254956, 1478253319, NULL, 1478253427, 1478253657, 1478253670, 1478254004, NULL, NULL, 1478254435, 1478254504, 1478254898, 1478254903, 1478254909, 1478254916, 1478254929, 1478254936, 1478254941, 1478254946, 1478254951, 1478254956),
('rohit', 1477558614, 1, 1477558614, NULL, NULL, NULL, NULL, NULL, NULL, NULL, NULL, NULL, NULL, NULL, NULL, NULL, NULL, NULL, NULL, NULL, NULL, NULL, NULL),
('sagar', 1477484530, 2, 1477484577, 1477484577, NULL, NULL, NULL, NULL, NULL, NULL, NULL, NULL, NULL, NULL, NULL, NULL, NULL, NULL, NULL, NULL, NULL, NULL, NULL),
('sahil', 1477484302, 3, 1477484973, 1477484965, 1477484973, NULL, NULL, NULL, NULL, NULL, NULL, NULL, NULL, NULL, NULL, NULL, NULL, NULL, NULL, NULL, NULL, NULL, NULL),
('sahilraj', 1477485613, 8, 1477560987, 1477486559, 1477557982, 1477557991, 1477557994, 1477560296, 1477560843, 1477560987, NULL, NULL, NULL, NULL, NULL, NULL, NULL, NULL, NULL, NULL, NULL, NULL, NULL),
('shashwat', 1477740260, 1, 1477740260, NULL, NULL, NULL, NULL, NULL, NULL, NULL, NULL, NULL, NULL, NULL, NULL, NULL, NULL, NULL, NULL, NULL, NULL, NULL, NULL),
('shubhum', 1477484402, 1, 1477484402, NULL, NULL, NULL, NULL, NULL, NULL, NULL, NULL, NULL, NULL, NULL, NULL, NULL, NULL, NULL, NULL, NULL, NULL, NULL, NULL),
('sohail', 1478005606, 2, 1478005614, 1478005614, NULL, NULL, NULL, NULL, NULL, NULL, NULL, NULL, NULL, NULL, NULL, NULL, NULL, NULL, NULL, NULL, NULL, NULL, NULL),
('vigit', 1477741176, 1, 1477741176, NULL, NULL, NULL, NULL, NULL, NULL, NULL, NULL, NULL, NULL, NULL, NULL, NULL, NULL, NULL, NULL, NULL, NULL, NULL, NULL);

-- --------------------------------------------------------

--
-- Table structure for table `user_details`
--

CREATE TABLE `user_details` (
  `id` int(50) NOT NULL,
  `username` varchar(40) NOT NULL,
  `password` varchar(32) NOT NULL,
  `email` varchar(40) NOT NULL,
  `contact` bigint(12) NOT NULL,
  `level` int(10) NOT NULL DEFAULT '1',
  `status` tinyint(1) NOT NULL DEFAULT '1'
) ENGINE=InnoDB DEFAULT CHARSET=latin1;

--
-- Dumping data for table `user_details`
--

INSERT INTO `user_details` (`id`, `username`, `password`, `email`, `contact`, `level`, `status`) VALUES
(66, 'achal', 'd4e553aad3571096017f1a8d0c62ec68', 'achal@gmail.com', 8757929042, 6, 1),
(70, 'alien', '273910799eacaacec06aba83c9d54906', 'alien@gmail.com', 1234567800, 8, 1),
(55, 'anurag', 'd77d2953c546cb33e2d0bff4989f6aa2', 'anurag@gmail.com', 1311313112, 16, 1),
(56, 'arit', '80e8d068b2afeb087e6e38230b726772', 'arit@gmail.com', 3512312367, 10, 1),
(57, 'arpan', 'f37427482b0311a8f3ea336ba0b60df1', 'arpan@gmail.com', 9876543213, 8, 1),
(58, 'ashwini', 'ff0eef605a66301097c87d2724025384', 'ashwini@gmail.com', 9009909009, 3, 1),
(53, 'bansal', 'f10963df6492717b1b697940d770e88c', 'bansal@gmail.com', 9572699717, 5, 1),
(64, 'bukya', '72a4123cbeae1e4972f94a2644e18fd5', 'bukya@gmail.com', 1212343412, 6, 1),
(71, 'face', 'd8578edf8458ce06fbc5bb76a58c5ca4', 'face@gmail.com', 7454124586, 1, 1),
(62, 'gulu', 'c8ed227e4203fb8d3b553a8432bb219c', 'gulu@gmail.com', 1234567866, 17, 1),
(63, 'guna', '6e6b00b1d17718deb07a0d6c231e2271', 'guna@gmail.com', 1212343456, 2, 1),
(59, 'guru', '77e69c137812518e359196bb2f5e9bb9', 'GURU@gmail.com', 1234554321, 15, 1),
(69, 'jadu', 'd1ff5cbd672ef29289975a396c62848b', 'jadu@gmail.com', 1234565478, 2, 1),
(68, 'jatav', '70013e39d162fd5b689d36bba62aa7df', 'jatav@jatav.com', 9898090912, 2, 1),
(61, 'patra', '8789742383143593942ca732a0933974', 'patra@gmail.com', 9090121290, 9, 1),
(60, 'patro', '64248456926f71110ac0db8cd6a03031', 'patro@gmail.com', 1234567654, 19, 1),
(72, 'raja', 'd8578edf8458ce06fbc5bb76a58c5ca4', 'raja@gmail.com', 1245325145, 11, 1),
(67, 'raju', '03c017f682085142f3b60f56673e22dc', 'raju@gmail.com', 1212343423, 5, 1),
(65, 'rani', 'b9f81618db3b0d7a8be8fd904cca8b6a', 'rani@gmail.com', 1234566576, 21, 1),
(54, 'sohail', 'a2de32da8c7b9de7332c15c194ce20df', 'sohail@gmail.com', 1234567889, 2, 1);

--
-- Indexes for dumped tables
--

--
-- Indexes for table `level_answer`
--
ALTER TABLE `level_answer`
  ADD PRIMARY KEY (`level`);

--
-- Indexes for table `timing`
--
ALTER TABLE `timing`
  ADD PRIMARY KEY (`username`);

--
-- Indexes for table `user_details`
--
ALTER TABLE `user_details`
  ADD UNIQUE KEY `username` (`username`),
  ADD UNIQUE KEY `id` (`id`);

--
-- AUTO_INCREMENT for dumped tables
--

--
-- AUTO_INCREMENT for table `user_details`
--
ALTER TABLE `user_details`
  MODIFY `id` int(50) NOT NULL AUTO_INCREMENT, AUTO_INCREMENT=73;
/*!40101 SET CHARACTER_SET_CLIENT=@OLD_CHARACTER_SET_CLIENT */;
/*!40101 SET CHARACTER_SET_RESULTS=@OLD_CHARACTER_SET_RESULTS */;
/*!40101 SET COLLATION_CONNECTION=@OLD_COLLATION_CONNECTION */;
