-- phpMyAdmin SQL Dump
-- version 4.5.1
-- http://www.phpmyadmin.net
--
-- Host: 127.0.0.1
-- Generation Time: Jan 08, 2017 at 07:10 PM
-- Server version: 10.1.10-MariaDB
-- PHP Version: 5.5.33

SET SQL_MODE = "NO_AUTO_VALUE_ON_ZERO";
SET time_zone = "+00:00";


/*!40101 SET @OLD_CHARACTER_SET_CLIENT=@@CHARACTER_SET_CLIENT */;
/*!40101 SET @OLD_CHARACTER_SET_RESULTS=@@CHARACTER_SET_RESULTS */;
/*!40101 SET @OLD_COLLATION_CONNECTION=@@COLLATION_CONNECTION */;
/*!40101 SET NAMES utf8mb4 */;

--
-- Database: `labyrinth`
--

-- --------------------------------------------------------

--
-- Table structure for table `level_answer`
--

CREATE TABLE `level_answer` (
  `levelname` varchar(40) NOT NULL,
  `level` int(11) NOT NULL,
  `answer` varchar(50) NOT NULL
) ENGINE=InnoDB DEFAULT CHARSET=latin1;

--
-- Dumping data for table `level_answer`
--

INSERT INTO `level_answer` (`levelname`, `level`, `answer`) VALUES
('meetAgain', 1, '3idiots'),
('SoniaLily', 2, 'duplicate'),
('map', 3, 'naksha'),
('4G', 4, 'mukeshambani'),
('amirkhan', 5, 'rangdebasanti'),
('power', 6, 'successful'),
('song', 7, 'suroor'),
('release', 8, '1966'),
('sponsor', 9, 'kaspersky'),
('days', 10, '10din'),
('oldisgold', 11, '2037'),
('movie', 12, 'baarbaardekho'),
('bb', 13, 'amitabhbacchan'),
('av', 14, 'amanverma'),
('incomplete', 15, 'successful'),
('robbery', 16, 'mumbai'),
('khan', 17, 'zindagi'),
('card', 18, 'sattepesatta'),
('orphan', 19, 'shekharkapur'),
('akshaykr', 20, 'khiladi420');

-- --------------------------------------------------------

--
-- Table structure for table `timing`
--

CREATE TABLE `timing` (
  `username` varchar(20) NOT NULL,
  `regtime` int(15) NOT NULL,
  `level` int(5) NOT NULL DEFAULT '1',
  `current` int(15) NOT NULL,
  `level1` int(15) DEFAULT NULL,
  `level2` int(15) DEFAULT NULL,
  `level3` int(15) DEFAULT NULL,
  `level4` int(15) DEFAULT NULL,
  `level5` int(15) DEFAULT NULL,
  `level6` int(15) DEFAULT NULL,
  `level7` int(15) DEFAULT NULL,
  `level8` int(15) DEFAULT NULL,
  `level9` int(15) DEFAULT NULL,
  `level10` int(15) DEFAULT NULL,
  `level11` int(15) DEFAULT NULL,
  `level12` int(15) DEFAULT NULL,
  `level13` int(15) DEFAULT NULL,
  `level14` int(15) DEFAULT NULL,
  `level15` int(15) DEFAULT NULL,
  `level16` int(15) DEFAULT NULL,
  `level17` int(15) DEFAULT NULL,
  `level18` int(15) DEFAULT NULL,
  `level19` int(15) DEFAULT NULL,
  `level20` int(15) DEFAULT NULL
) ENGINE=InnoDB DEFAULT CHARSET=latin1;

--
-- Dumping data for table `timing`
--

INSERT INTO `timing` (`username`, `regtime`, `level`, `current`, `level1`, `level2`, `level3`, `level4`, `level5`, `level6`, `level7`, `level8`, `level9`, `level10`, `level11`, `level12`, `level13`, `level14`, `level15`, `level16`, `level17`, `level18`, `level19`, `level20`) VALUES
('abcdef', 1483621882, 2, 1483621888, 1483621888, NULL, NULL, NULL, NULL, NULL, NULL, NULL, NULL, NULL, NULL, NULL, NULL, NULL, NULL, NULL, NULL, NULL, NULL, NULL),
('check', 1482935800, 9, 1482936823, 1482935817, 1482936626, 1482936631, 1482936636, 1482936644, 1482936651, 1482936749, 1482936823, NULL, NULL, NULL, NULL, NULL, NULL, NULL, NULL, NULL, NULL, NULL, NULL),
('esha', 1482776045, 21, 1483879565, 1483637447, 1483637496, 1483637566, 1483637569, 1483637595, 1483637630, 1483641081, 1483872263, 1483879565, 1482846930, 1482846946, NULL, NULL, NULL, NULL, NULL, NULL, NULL, NULL, NULL),
('laby', 1483857969, 19, 1483865173, 1483862578, 1483862612, 1483864793, 1483864797, 1483864808, 1483864815, 1483864870, 1483864881, 1483864938, 1483864951, 1483865010, 1483865033, 1483865037, 1483865041, 1483865084, 1483865090, 1483865173, NULL, NULL, NULL),
('patil', 1482847508, 28, 1483637351, 1483637110, 1483637124, 1483637129, 1483637133, 1483637140, 1483637145, 1483637209, 1483637223, 1483637240, 1483637245, 1483637267, 1483637270, 1483637278, 1483637281, 1483637299, 1483637307, 1483637336, 1483637344, 1483637347, 1483637351),
('power', 1482855432, 7, 1482961673, 1482935742, 1482961559, 1482961594, 1482961599, 1482961629, 1482961673, NULL, NULL, NULL, NULL, NULL, NULL, NULL, NULL, NULL, NULL, NULL, NULL, NULL, NULL),
('prasanna', 1483612790, 16, 1483637430, 1483637399, 1483637430, 1483612948, 1483612957, 1483612973, 1483612992, 1483613058, 1483613071, 1483613084, 1483613091, 1483613109, 1483613332, 1483613341, NULL, NULL, NULL, NULL, NULL, NULL, NULL),
('qwerty', 1483622438, 9, 1483863935, 1483862703, 1483862905, 1483863653, 1483863670, 1483863866, 1483863935, NULL, NULL, NULL, NULL, NULL, NULL, NULL, NULL, NULL, NULL, NULL, NULL, NULL, NULL),
('recheck', 1482682566, 8, 1482843105, 1482682574, 1482682585, 1482686591, 1482687252, 1482687267, 1482825154, 1482843105, NULL, NULL, NULL, NULL, NULL, NULL, NULL, NULL, NULL, NULL, NULL, NULL, NULL),
('sagar', 1483621946, 3, 1483641988, 1483621972, 1483641988, NULL, NULL, NULL, NULL, NULL, NULL, NULL, NULL, NULL, NULL, NULL, NULL, NULL, NULL, NULL, NULL, NULL, NULL),
('sahil', 1483888945, 21, 1483894832, 1483889016, 1483889200, 1483889287, 1483889382, 1483889547, 1483889680, 1483889745, 1483890887, 1483891001, 1483891685, 1483891962, 1483892245, 1483892858, 1483893229, 1483893701, 1483893849, 1483894319, 1483894512, 1483894742, 1483894832),
('satta', 1483613448, 10, 1483701958, 1483701958, 1483615508, 1483622100, 1483622104, 1483622126, 1483622148, 1483622185, 1483622325, NULL, NULL, NULL, NULL, NULL, NULL, NULL, NULL, NULL, NULL, NULL, NULL),
('satte', 1483126200, 27, 1483702180, 1483701988, 1483702013, 1483702018, 1483702021, 1483702027, 1483702032, 1483702062, 1483702076, 1483702084, 1483702092, 1483702099, 1483702102, 1483702106, 1483702110, 1483702149, 1483702156, 1483702167, 1483702172, 1483702176, 1483702180),
('shubham', 1482651697, 21, 1482685981, 1482684837, 1482684846, 1482685777, 1482685785, 1482685797, 1482685808, 1482685835, 1482685844, 1482685869, 1482685876, 1482685892, 1482685899, 1482685909, 1482685917, 1482685925, 1482685933, 1482685959, 1482685967, 1482685974, 1482685981),
('start', 1483642517, 14, 1483642743, 1483642544, 1483642580, 1483642590, 1483642596, 1483642608, 1483642622, 1483642680, 1483642697, 1483642704, 1483642712, 1483642728, 1483642736, 1483642743, NULL, NULL, NULL, NULL, NULL, NULL, NULL),
('test', 1482679138, 21, 1482679536, 1482679154, 1482679179, 1482679197, 1482679206, 1482679224, 1482679259, 1482679273, 1482679284, 1482679300, 1482679312, 1482679334, 1482679368, 1482679380, 1482679388, 1482679405, 1482679440, 1482679504, 1482679523, 1482679529, 1482679536),
('tsrock', 1483897632, 1, 1483897632, NULL, NULL, NULL, NULL, NULL, NULL, NULL, NULL, NULL, NULL, NULL, NULL, NULL, NULL, NULL, NULL, NULL, NULL, NULL, NULL),
('yots', 1483897987, 21, 1483898292, 1483897997, 1483898002, 1483898005, 1483898020, 1483898035, 1483898042, 1483898049, 1483898070, 1483898105, 1483898132, 1483898138, 1483898147, 1483898159, 1483898168, 1483898200, 1483898216, 1483898239, 1483898272, 1483898284, 1483898292);

-- --------------------------------------------------------

--
-- Table structure for table `user_details`
--

CREATE TABLE `user_details` (
  `id` int(50) NOT NULL,
  `username` varchar(40) NOT NULL,
  `password` varchar(32) NOT NULL,
  `email` varchar(40) NOT NULL,
  `contact` bigint(12) NOT NULL,
  `level` int(10) NOT NULL DEFAULT '1',
  `status` tinyint(1) NOT NULL DEFAULT '1'
) ENGINE=InnoDB DEFAULT CHARSET=latin1;

--
-- Dumping data for table `user_details`
--

INSERT INTO `user_details` (`id`, `username`, `password`, `email`, `contact`, `level`, `status`) VALUES
(90, 'abcdef', 'e80b5017098950fc58aad83c8c14978e', 'a@b.com', 987654456, 2, 1),
(86, 'check', '0ba4439ee9a46d9d9f14c60f88f45f87', 'check@gmail.com', 9876543234, 9, 1),
(83, 'esha', 'bf5140ea297674d8fbe5fdec62eb759d', 'esha@gmail.com', 9334222891, 10, 1),
(94, 'laby', '4aec70fd4818fc662a0dd0bc3cc9466a', 'laby@gmail.com', 9334229141, 18, 1),
(84, 'patil', 'e22573706cfe9748cc0e45a526c2bfef', 'patil@gmail.com', 9876543210, 21, 1),
(85, 'power', '62cd275989e78ee56a81f0265a87562e', 'power@gmail.com', 1234212122, 7, 1),
(88, 'prasanna', 'adf825e70a5bd444872f83e35086a851', 'prasanna@gmail.com', 1234509876, 3, 1),
(92, 'qwerty', 'd8578edf8458ce06fbc5bb76a58c5ca4', 'zxc@adssa.com', 1234567123, 7, 1),
(82, 'recheck', 'fd07b81be65b7d43079395789153e7b3', 'recheck@gmail.com', 987654321, 8, 1),
(91, 'sagar', '41ed44e3038dbeee7d2ffaa7f51d8a4b', 'sagar@gmail.com', 9334228151, 3, 1),
(95, 'sahil', '1006f0ae5a7ece19828a67ac62288e05', 'sahil@gmail.com', 1234554321, 21, 1),
(89, 'satta', 'ba6d6afe4ddba4293dd2dd3db9bd9928', 'satta@gmail.com', 1234567877, 1, 1),
(87, 'satte', '34fa2e46f32ea631eb7b4ebd34debf9f', 'satte@gmail.com', 9876777779, 21, 1),
(80, 'shubham', '3b6beb51e76816e632a40d440eab0097', 'shubham.kumar@gmail.com', 7739819528, 21, 1),
(93, 'start', 'ea2b2676c28c0db26d39331a336c6b92', 'start@gmail.sad', 1234567899, 14, 1),
(81, 'test', '098f6bcd4621d373cade4e832627b4f6', 'test@gmail.com', 1234567890, 21, 1),
(96, 'tsrock', 'c55ea61fd91847a0ab321ece1e653455', 'tsrock@gmail.com', 1234567895, 1, 1),
(97, 'yots', '7ac019264e368cca9b118d0853b0995e', 'yots@gmail.com', 1234588812, 21, 1);

--
-- Indexes for dumped tables
--

--
-- Indexes for table `level_answer`
--
ALTER TABLE `level_answer`
  ADD PRIMARY KEY (`level`);

--
-- Indexes for table `timing`
--
ALTER TABLE `timing`
  ADD PRIMARY KEY (`username`);

--
-- Indexes for table `user_details`
--
ALTER TABLE `user_details`
  ADD UNIQUE KEY `username` (`username`),
  ADD UNIQUE KEY `id` (`id`);

--
-- AUTO_INCREMENT for dumped tables
--

--
-- AUTO_INCREMENT for table `user_details`
--
ALTER TABLE `user_details`
  MODIFY `id` int(50) NOT NULL AUTO_INCREMENT, AUTO_INCREMENT=98;
/*!40101 SET CHARACTER_SET_CLIENT=@OLD_CHARACTER_SET_CLIENT */;
/*!40101 SET CHARACTER_SET_RESULTS=@OLD_CHARACTER_SET_RESULTS */;
/*!40101 SET COLLATION_CONNECTION=@OLD_COLLATION_CONNECTION */;
